[{"val":564.7,"perc":2,"sel_perc":2},{"val":436.3,"perc":4,"sel_perc":4},{"val":376.96,"perc":6,"sel_perc":6},{"val":341.1,"perc":8,"sel_perc":8},{"val":316.27,"perc":10,"sel_perc":10},{"val":297.55,"perc":12,"sel_perc":12},{"val":282.64,"perc":14,"sel_perc":14},{"val":270.32,"perc":16,"sel_perc":16},{"val":259.89,"perc":18,"sel_perc":18},{"val":250.88,"perc":20,"sel_perc":20},{"val":242.97,"perc":22,"sel_perc":22},{"val":235.95,"perc":24,"sel_perc":24},{"val":229.64,"perc":26,"sel_perc":26},{"val":223.92,"perc":28,"sel_perc":28},{"val":218.71,"perc":30,"sel_perc":30},{"val":213.95,"perc":32,"sel_perc":32},{"val":209.58,"perc":34,"sel_perc":34},{"val":205.55,"perc":36,"sel_perc":36},{"val":201.8,"perc":38,"sel_perc":38},{"val":198.3,"perc":40,"sel_perc":40},{"val":195.02,"perc":42,"sel_perc":42},{"val":191.93,"perc":44,"sel_perc":44},{"val":189,"perc":46,"sel_perc":46},{"val":186.2,"perc":48,"sel_perc":48},{"val":183.54,"perc":50,"sel_perc":50},{"val":180.98,"perc":52,"sel_perc":52},{"val":178.51,"perc":54,"sel_perc":54},{"val":176.13,"perc":56,"sel_perc":56},{"val":173.82,"perc":58,"sel_perc":58},{"val":171.57,"perc":60,"sel_perc":60},{"val":169.38,"perc":62,"sel_perc":62},{"val":167.25,"perc":64,"sel_perc":64},{"val":165.17,"perc":66,"sel_perc":66},{"val":163.13,"perc":68,"sel_perc":68},{"val":161.13,"perc":70,"sel_perc":70},{"val":159.17,"perc":72,"sel_perc":72},{"val":157.25,"perc":74,"sel_perc":74},{"val":155.35,"perc":76,"sel_perc":76},{"val":153.46,"perc":78,"sel_perc":78},{"val":151.59,"perc":80,"sel_perc":80},{"val":149.72,"perc":82,"sel_perc":82},{"val":147.85,"perc":84,"sel_perc":84},{"val":145.97,"perc":86,"sel_perc":86},{"val":144.06,"perc":88,"sel_perc":88},{"val":142.12,"perc":90,"sel_perc":90},{"val":140.14,"perc":92,"sel_perc":92},{"val":138.1,"perc":94,"sel_perc":94},{"val":135.97,"perc":96,"sel_perc":96},{"val":133.7,"perc":98,"sel_perc":98},{"val":131.27,"perc":100,"sel_perc":100}]