[{"val":7.99,"perc":2,"sel_perc":2},{"val":7.29,"perc":4,"sel_perc":4},{"val":6.95,"perc":6,"sel_perc":6},{"val":6.74,"perc":8,"sel_perc":8},{"val":6.58,"perc":10,"sel_perc":10},{"val":6.45,"perc":12,"sel_perc":12},{"val":6.34,"perc":14,"sel_perc":14},{"val":6.25,"perc":16,"sel_perc":16},{"val":6.17,"perc":18,"sel_perc":18},{"val":6.1,"perc":20,"sel_perc":20},{"val":6.03,"perc":22,"sel_perc":22},{"val":5.97,"perc":24,"sel_perc":24},{"val":5.92,"perc":26,"sel_perc":26},{"val":5.86,"perc":28,"sel_perc":28},{"val":5.82,"perc":30,"sel_perc":30},{"val":5.77,"perc":32,"sel_perc":32},{"val":5.73,"perc":34,"sel_perc":34},{"val":5.69,"perc":36,"sel_perc":36},{"val":5.65,"perc":38,"sel_perc":38},{"val":5.61,"perc":40,"sel_perc":40},{"val":5.57,"perc":42,"sel_perc":42},{"val":5.54,"perc":44,"sel_perc":44},{"val":5.5,"perc":46,"sel_perc":46},{"val":5.47,"perc":48,"sel_perc":48},{"val":5.44,"perc":50,"sel_perc":50},{"val":5.41,"perc":52,"sel_perc":52},{"val":5.38,"perc":54,"sel_perc":54},{"val":5.35,"perc":56,"sel_perc":56},{"val":5.32,"perc":58,"sel_perc":58},{"val":5.29,"perc":60,"sel_perc":60},{"val":5.26,"perc":62,"sel_perc":62},{"val":5.23,"perc":64,"sel_perc":64},{"val":5.21,"perc":66,"sel_perc":66},{"val":5.18,"perc":68,"sel_perc":68},{"val":5.15,"perc":70,"sel_perc":70},{"val":5.13,"perc":72,"sel_perc":72},{"val":5.1,"perc":74,"sel_perc":74},{"val":5.07,"perc":76,"sel_perc":76},{"val":5.04,"perc":78,"sel_perc":78},{"val":5.02,"perc":80,"sel_perc":80},{"val":4.99,"perc":82,"sel_perc":82},{"val":4.96,"perc":84,"sel_perc":84},{"val":4.93,"perc":86,"sel_perc":86},{"val":4.89,"perc":88,"sel_perc":88},{"val":4.86,"perc":90,"sel_perc":90},{"val":4.82,"perc":92,"sel_perc":92},{"val":4.78,"perc":94,"sel_perc":94},{"val":4.74,"perc":96,"sel_perc":96},{"val":4.69,"perc":98,"sel_perc":98},{"val":4.63,"perc":100,"sel_perc":100}]