[{"val":143.63,"perc":2,"sel_perc":2},{"val":133.69,"perc":4,"sel_perc":4},{"val":128.17,"perc":6,"sel_perc":6},{"val":124.35,"perc":8,"sel_perc":8},{"val":121.47,"perc":10,"sel_perc":10},{"val":119.14,"perc":12,"sel_perc":12},{"val":117.17,"perc":14,"sel_perc":14},{"val":115.46,"perc":16,"sel_perc":16},{"val":113.94,"perc":18,"sel_perc":18},{"val":112.57,"perc":20,"sel_perc":20},{"val":111.28,"perc":22,"sel_perc":22},{"val":110.08,"perc":24,"sel_perc":24},{"val":108.94,"perc":26,"sel_perc":26},{"val":107.86,"perc":28,"sel_perc":28},{"val":106.83,"perc":30,"sel_perc":30},{"val":105.85,"perc":32,"sel_perc":32},{"val":104.9,"perc":34,"sel_perc":34},{"val":103.99,"perc":36,"sel_perc":36},{"val":103.1,"perc":38,"sel_perc":38},{"val":102.22,"perc":40,"sel_perc":40},{"val":101.35,"perc":42,"sel_perc":42},{"val":100.49,"perc":44,"sel_perc":44},{"val":99.62,"perc":46,"sel_perc":46},{"val":98.75,"perc":48,"sel_perc":48},{"val":97.89,"perc":50,"sel_perc":50},{"val":97.03,"perc":52,"sel_perc":52},{"val":96.18,"perc":54,"sel_perc":54},{"val":95.33,"perc":56,"sel_perc":56},{"val":94.5,"perc":58,"sel_perc":58},{"val":93.67,"perc":60,"sel_perc":60},{"val":92.85,"perc":62,"sel_perc":62},{"val":92.04,"perc":64,"sel_perc":64},{"val":91.23,"perc":66,"sel_perc":66},{"val":90.44,"perc":68,"sel_perc":68},{"val":89.65,"perc":70,"sel_perc":70},{"val":88.87,"perc":72,"sel_perc":72},{"val":88.09,"perc":74,"sel_perc":74},{"val":87.32,"perc":76,"sel_perc":76},{"val":86.57,"perc":78,"sel_perc":78},{"val":85.82,"perc":80,"sel_perc":80},{"val":85.07,"perc":82,"sel_perc":82},{"val":84.34,"perc":84,"sel_perc":84},{"val":83.61,"perc":86,"sel_perc":86},{"val":82.88,"perc":88,"sel_perc":88},{"val":82.16,"perc":90,"sel_perc":90},{"val":81.44,"perc":92,"sel_perc":92},{"val":80.72,"perc":94,"sel_perc":94},{"val":79.98,"perc":96,"sel_perc":96},{"val":79.23,"perc":98,"sel_perc":98},{"val":78.4,"perc":100,"sel_perc":100}]