[{"val":5.02,"perc":2,"sel_perc":2},{"val":4.92,"perc":4,"sel_perc":4},{"val":4.85,"perc":6,"sel_perc":6},{"val":4.81,"perc":8,"sel_perc":8},{"val":4.77,"perc":10,"sel_perc":10},{"val":4.74,"perc":12,"sel_perc":12},{"val":4.71,"perc":14,"sel_perc":14},{"val":4.69,"perc":16,"sel_perc":16},{"val":4.66,"perc":18,"sel_perc":18},{"val":4.64,"perc":20,"sel_perc":20},{"val":4.62,"perc":22,"sel_perc":22},{"val":4.6,"perc":24,"sel_perc":24},{"val":4.59,"perc":26,"sel_perc":26},{"val":4.57,"perc":28,"sel_perc":28},{"val":4.55,"perc":30,"sel_perc":30},{"val":4.54,"perc":32,"sel_perc":32},{"val":4.52,"perc":34,"sel_perc":34},{"val":4.51,"perc":36,"sel_perc":36},{"val":4.49,"perc":38,"sel_perc":38},{"val":4.48,"perc":40,"sel_perc":40},{"val":4.46,"perc":42,"sel_perc":42},{"val":4.45,"perc":44,"sel_perc":44},{"val":4.43,"perc":46,"sel_perc":46},{"val":4.42,"perc":48,"sel_perc":48},{"val":4.4,"perc":50,"sel_perc":50},{"val":4.38,"perc":52,"sel_perc":52},{"val":4.37,"perc":54,"sel_perc":54},{"val":4.35,"perc":56,"sel_perc":56},{"val":4.33,"perc":58,"sel_perc":58},{"val":4.32,"perc":60,"sel_perc":60},{"val":4.3,"perc":62,"sel_perc":62},{"val":4.29,"perc":64,"sel_perc":64},{"val":4.27,"perc":66,"sel_perc":66},{"val":4.25,"perc":68,"sel_perc":68},{"val":4.24,"perc":70,"sel_perc":70},{"val":4.22,"perc":72,"sel_perc":72},{"val":4.21,"perc":74,"sel_perc":74},{"val":4.19,"perc":76,"sel_perc":76},{"val":4.17,"perc":78,"sel_perc":78},{"val":4.16,"perc":80,"sel_perc":80},{"val":4.14,"perc":82,"sel_perc":82},{"val":4.12,"perc":84,"sel_perc":84},{"val":4.11,"perc":86,"sel_perc":86},{"val":4.09,"perc":88,"sel_perc":88},{"val":4.07,"perc":90,"sel_perc":90},{"val":4.06,"perc":92,"sel_perc":92},{"val":4.04,"perc":94,"sel_perc":94},{"val":4.02,"perc":96,"sel_perc":96},{"val":4,"perc":98,"sel_perc":98},{"val":3.98,"perc":100,"sel_perc":100}]